query_id,doc_id,relevance
q1,1036188_item_1,2
q1,827876_item_1A,2
q1,1092699_item_1A,1
q1,1056696_item_1A,1
q1,1262039_item_1A,2
q1,1467761_item_7,2
q1,789019_item_1A,2
q1,929940_item_1,1
q1,1092699_item_1,1
q1,1108524_item_1A,1
q1,1166388_item_1A,1
q1,1459200_item_1A,2
q1,1392972_item_1A,2
q1,813672_item_1A,1
q1,1160951_item_1A,1
q1,1066194_item_1A,1
q1,1660280_item_1A,1
q1,1561550_item_1A,1
q1,944480_item_1A,2
q1,1337619_item_1A,1
q1,877890_item_1A,1
q1,1580808_item_1A,2
q1,876167_item_1A,2
q2,857005_item_7A,2
q2,1050446_item_7A,2
q2,1262039_item_7A,1
q2,813672_item_7A,2
q2,1013462_item_7A,1
q2,1580808_item_7A,2
q2,1046327_item_7A,2
q2,1803696_item_7A,1
q2,1108524_item_7A,2
q2,1036188_item_7A,2
q2,78749_item_7A,2
q2,922521_item_7A,2
q2,941685_item_7A,1
q2,1468666_item_7A,2
q2,1169561_item_7A,2
q2,1327567_item_7A,2
q2,1393052_item_7A,2
q2,1585521_item_7A,1
q2,1392972_item_7A,2
q2,769397_item_7A,2
q2,935036_item_7A,1
q3,1540184_item_1,2
q3,1373715_item_1,2
q3,1392972_item_1,2
q3,807863_item_1,2
q3,1701732_item_1,2
q3,1505952_item_1,2
q3,1689923_item_1,2
q3,929940_item_1,2
q3,829323_item_1,2
q3,1643269_item_1,2
q3,1615165_item_1,2
q3,929940_item_7,2
q3,1102993_item_7,2
q3,1535379_item_1A,1
q3,1002517_item_7,1
q3,1102993_item_1,2
q3,1614178_item_1,2
q3,1540755_item_1,2
q3,1002517_item_1,2
q3,1679826_item_1,2
q3,736012_item_7,2
q4,807882_item_1A,2
q4,816761_item_1A,1
q4,1627857_item_1A,2
q4,1029744_item_1A,2
q4,1373715_item_1A,2
q4,1107843_item_1A,2
q4,1341439_item_1A,2
q4,896878_item_1A,2
q4,1467761_item_1A,1
q4,1327567_item_1A,2
q4,1166388_item_1A,1
q4,1013857_item_1A,2
q4,1528396_item_1A,2
q4,1561550_item_1A,2
q4,855612_item_1A,2
q4,876167_item_1A,2
q4,1066194_item_1A,2
q4,769397_item_1A,2
q4,8670_item_1A,2
q4,1081745_item_1A,1
q4,1392972_item_1A,2
q4,723531_item_1A,2
q4,883241_item_1A,1
q4,1679826_item_1A,2
q4,1806837_item_1A,2
q5,1437491_item_1A,1
q5,769397_item_1,2
q5,1341439_item_1A,2
q5,807882_item_1A,2
q5,1418100_item_1,1
q5,1167419_item_1A,1
q5,1044777_item_1A,1
q5,1001601_item_1A,1
q5,814549_item_10,1
